removing,19
itsown,16
financeministry,31
ofjapanese,19
ineurope,19
items,115
techniques,32
infusion,20
produces,51
notified,27
landesbank,16
secret,35
strikes,113
scandal,93
traffic,92
arrangements,65
weigh,16
injection,39
zurich,32
balladur,64
cheaper,55
afford,34
dilson,45
whichthe,18
tofall,16
restaurants,41
method,63
twothirds,54
semiannual,47
hongkong,65
notbe,29
safe,27
industrialnations,15
regional,140
roger,36
conflict,47
pctfor,18
mature,45
siemens,60
relating,38
easter,36
salt,22
relation,26
sama,24
sand,30
itcompleted,57
hike,29
hill,51
miami,36
agroup,16
robusta,20
postponed,43
sharein,17
fewer,50
relative,60
difficulties,119
madrid,19
save,79
kuranari,16
pointed,119
commissioners,16
flights,80
shareof,17
laterthis,26
longdistance,35
borgwarners,16
liberal,103
spoke,35
estates,16
myers,19
reservations,23
quantities,23
creek,19
shipbuilding,29
importing,35
missile,68
lender,30
competitiveness,70
missing,30
criticized,35
internationalmonetary,33
mission,58
protected,37
permission,52
liberty,26
transmission,35
monopolies,15
billionstg,20
attempted,34
walter,28
repeated,70
projection,23
edouard,45
gates,40
welcomed,84
arranging,29
dampen,18
creditwatch,24
ofseven,18
onsales,18
depends,54
coconut,50
nonaccrual,46
deliverable,21
ithad,39
replacement,42
ensure,97
tonight,52
fiveyear,145
honeywell,49
switzerland,115
quarterof,16
consecutive,48
advantage,94
novel,16
closer,47
closes,22
machinery,82
finish,23
exactly,31
mlnfrancs,18
ofdirectors,33
federated,25
alliedlyons,23
concerning,70
hospitals,31
prudentialbache,24
optional,23
thefinance,25
micro,33
upheld,17
crushing,25
interested,146
whichwas,21
ideal,16
intelligent,16
ideas,60
resolution,71
debtcrisis,22
corazon,29
usage,55
instructed,19
renault,49
cosmetics,23
olivetti,30
wells,100
inventories,94
providedthe,17
secure,53
domestically,23
implementing,24
usand,34
roberts,31
suddenly,19
genentech,17
outbreak,18
mlncanadian,18
audit,37
reconsider,17
sdrs,17
confidential,23
adopted,107
presidency,27
obviously,38
constitute,18
theremaining,22
researchers,16
ceased,15
stopped,80
framework,34
inearly,25
capitol,19
transport,135
slated,22
itsproposed,15
havent,29
butter,41
disclose,100
designs,31
cake,19
calm,31
secs,29
butthe,41
inaddition,26
resale,32
camp,20
george,118
cane,57
seed,22
seem,69
transcanada,44
cant,77
sees,105
presidents,53
haveto,34
borrow,54
card,87
care,117
carl,34
saudiarabia,18
equipped,19
yearonyear,131
cast,21
investigations,23
promissory,22
yendollar,18
send,58
seng,19
healthcare,33
globe,15
sept,50
jaguar,22
moreover,28
equally,52
troubled,27
troubles,18
benefitted,16
sets,69
lessen,15
lesser,20
caribbean,28
tightening,36
length,29
sharing,34
lindner,17
uruguay,42
executed,25
nominal,111
sosnoffs,16
reforming,17
entirely,45
viewed,30
anticipate,24
nominee,15
different,131
cboe,20
virus,45
cbot,23
steelworkers,22
coupled,42
commerzbank,38
thevalue,15
charged,143
hearing,131
capitalmarkets,29
adecision,15
typical,19
rolls,27
offsetting,22
lebanese,17
joining,45
houstonbased,17
surged,31
dlrsand,52
quantity,25
increasingly,80
mlntonnes,112
toshareholders,57
usdas,37
proceed,83
hassigned,26
tocontinue,40
standards,87
baldrige,86
connection,131
samestore,23
dlrsthrough,22
tobegin,15
occidental,31
spains,46
areexpected,46
conducted,89
sourcessaid,49
shareholding,19
dlrsbbl,18
journal,36
issubject,21
ustrade,22
hogs,25
rescue,49
margaret,43
tointervene,17
indicate,59
wellas,18
endorse,23
hole,22
vital,51
ultimately,50
inline,18
arenot,16
argentine,78
vehicles,115
conjunction,26
orlando,15
automotive,61
italian,114
minute,32
twice,63
traditionally,49
roubles,20
pctincrease,26
host,28
debtors,72
hour,103
represented,86
howe,17
minneapolis,46
inspection,40
endotronics,21
shad,27
handled,29
enabling,18
comfortable,23
itmay,40
schillings,20
billionyen,30
shed,27
violating,28
subsidized,43
violation,31
layoff,25
leadership,63
wagner,43
ship,112
users,100
concentrated,34
concentrates,19
indicating,38
horizon,26
indication,61
shoe,17
shop,17
shot,21
theeconomic,15
interamerican,24
cautioned,37
pessimistic,19
promising,41
outflows,33
ground,63
shut,84
jopling,16
recall,24
westgerman,39
usairs,16
filedwith,23
distance,41
fourweek,17
recognition,23
imminent,26
seidman,23
tofile,16
fleming,17
imported,127
importer,27
implementation,49
side,142
families,24
sign,129
expectation,24
favoured,27
stockpile,28
embassy,61
vulnerable,29
economically,24
sims,23
algerian,17
rallied,25
plantations,21
thousand,29
ranged,55
ranges,74
impose,95
examined,16
site,89
thepublic,29
uccel,16
expert,19
opposed,142
opposes,34
theneed,20
asignificant,22
exempt,19
sufficient,65
size,149
professionals,16
independence,23
correct,46
jerry,16
richfield,23
fullyear,24
regularly,21
kanon,26
isexpected,115
pharmaceuticals,44
titles,15
carling,19
realestate,23
xuto,23
fiveday,18
amonth,19
threaten,27
identified,101
undermined,15
cftc,111
thenext,58
excessive,76
singer,22
montgomery,35
tocooperate,16
single,125
incomes,27
metres,32
criminal,30
cgct,24
overhaul,37
notbeen,16
lyphomed,18
metric,15
idled,18
consultant,37
andproduction,23
politicians,18
grace,87
grade,122
ofnew,21
parana,19
purolator,90
convinced,59
ministrysaid,15
maritime,17
advisers,58
emphasis,38
obstacle,21
commented,57
thought,140
burnham,106
skin,15
track,44
seminar,16
matsushita,15
grams,16
endmarch,20
grand,49
charles,96
grant,87
bache,29
appliances,22
defined,29
aegon,17
harvested,49
reference,84
ignore,15
yielded,19
backs,19
chargeoffs,19
trail,42
foreach,20
train,21
unanimously,30
inwest,15
trans,31
dlrsfor,42
officialssaid,43
chad,21
regulated,18
founded,20
regulates,18
founder,38
directed,26
chemlawn,59
merrilllynch,15
independent,148
reiterated,68
isissuing,55
bernard,15
thanthe,19
usgovernment,44
revealed,18
chip,107
directly,103
milan,37
setback,26
debtor,124
slim,15
slip,16
eugene,15
probe,43
dangerous,34
troops,68
negotiated,78
sweetened,15
netincome,27
blocks,39
thereport,23
carlos,24
mills,91
badly,36
arevised,19
divisions,67
cross,56
administrator,27
largescale,18
moisture,37
partial,42
negotiator,25
communication,19
crown,57
addingthat,21
ultimate,22
enforcement,41
beable,17
traditional,101
demonstrated,15
chamber,58
introduction,79
aseasonally,17
resign,24
prove,59
valero,16
financed,64
moving,121
finances,27
mcdonnell,74
proxy,46
personnel,57
nasd,39
resins,17
nato,22
premature,26
midday,47
costly,36
navy,84
provisionally,18
oftrade,24
georgia,52
securitieshouses,16
huge,149
resist,41
costof,20
professor,31
apart,50
financially,21
damaging,43
rainbow,26
controversy,21
tokyos,38
herrington,41
hunt,18
golden,41
expire,108
satisfy,36
hurt,99
andtrade,21
critics,28
swissair,26
discovered,34
presenting,16
unnamed,33
incanada,15
stabilization,25
mandatory,38
theyare,25
feedgrains,52
inspectors,22
carney,26
grounds,56
overhead,18
arrears,35
miner,16
peabody,80
quotation,23
participants,105
external,147
considerations,23
unfair,98
snow,49
zimbabwe,29
calculated,69
aunit,39
aregistration,38
indicators,67
hampshire,20
minor,22
bullion,39
thestatement,18
redstone,30
theamerican,31
bullish,60
athens,21
agreementwith,22
minus,60
abandon,28
pointsover,15
internationally,24
reducethe,22
themarket,124
pctthe,21
supercomputer,33
managing,140
greek,42
green,51
jovanovich,19
beverage,22
billionmarks,30
exercised,54
thedecline,15
soft,120
earliest,17
treat,32
regions,88
soil,20
thewhite,16
neighbouring,15
trees,26
sole,101
protecting,22
corresponding,36
sons,48
sony,30
greece,90
ofeconomic,27
bymoodys,58
staterun,36
expensive,65
quarters,74
sort,46
statutory,22
protective,15
itaffirmed,42
route,46
sour,42
determine,97
theindustry,31
sown,34
sows,15
bolstered,16
cheung,28
original,149
gerhardstoltenberg,20
richardlyng,21
defending,21
postings,26
phelan,17
voice,52
hundred,25
designated,23
citizens,49
maintains,20
warner,27
hercules,17
alsosaid,25
rover,17
prominent,15
andunderwriting,48
anoffering,17
accelerate,33
mthly,40
club,99
toreplace,24
understanding,71
commissionthe,41
bahia,19
economiccooperation,17
involvement,44
writeoffs,22
submit,47
phelps,62
ofgold,17
hurting,15
groupof,26
prompted,74
cutting,135
spur,33
efficient,28
brussels,51
outlined,54
themajor,20
acontract,18
thedepartment,56
associate,41
promptly,24
upcoming,30
often,84
rexnord,26
weinberger,49
black,90
toenter,15
didnt,29
assessment,31
experience,69
petrobras,38
blair,16
baghdad,24
corporationccc,33
dauster,37
unveiled,51
blame,26
advised,54
arbitrage,40
adviser,58
theyear,85
unadjusted,73
willreceive,20
jointly,96
indebtedness,28
blast,19
oftwo,15
nationally,21
refusing,19
location,32
baird,28
hormuz,30
locally,16
unfairly,15
staged,21
advisor,41
stages,32
impossible,49
partner,101
adequacy,28
throughout,97
cereal,28
diego,20
reluctant,50
loading,47
deliveries,93
transfers,37
restated,29
itwas,50
whollyowned,89
writedown,33
enquiry,17
hightechnology,23
react,34
retired,41
presentation,27
ready,147
training,38
beissued,19
trademark,18
unlimited,17
aswell,34
adequate,78
megawatts,15
exchangerate,16
requested,92
speaker,55
crush,15
cereals,66
preferredstock,38
interestrates,63
statistical,25
coverage,57
interesting,16
syndication,29
code,69
effectively,70
procurement,33
consulting,43
controlled,111
coin,20
encourage,111
assaying,28
slowdown,40
cold,76
colo,19
royce,15
conn,23
pctmanagement,16
anniversary,15
cool,34
cope,28
copy,29
trial,44
core,69
resort,32
charter,42
tried,62
breakup,25
herbert,16
historic,15
cooperative,52
carson,16
conoco,32
leighpemberton,20
oilfield,22
housing,97
valley,55
trucks,90
volvo,19
workstations,27
eyskens,40
generalcorporate,20
establishment,30
afloat,19
abandoned,41
arrangement,83
differential,25
star,50
stay,98
louvre,97
aproposed,16
warren,16
rainier,15
cartel,26
stem,31
carter,37
explain,38
bales,65
extending,43
grading,24
midland,78
reviewing,44
licences,68
burnhamlambert,16
belgrade,22
bally,55
northeast,51
tennessee,15
jerome,15
sumita,55
bouygues,15
webber,17
companyand,18
inwhich,36
westinghouse,30
prohibiting,18
lumber,42
yeartodate,107
consequences,35
presence,63
pledge,44
octane,36
sued,23
thinking,31
advisors,26
itexpects,74
advisory,106
opportunities,85
payroll,15
widespread,71
envisaged,27
settlements,28
strikers,19
oliver,18
bellies,18
multilateral,51
dlrsper,63
chain,63
anxious,23
uncertain,53
helping,43
stabilisation,33
cargill,38
chang,24
sure,99
olein,20
ofamerican,26
treaty,49
chart,26
chase,123
kuwait,122
cray,31
debtequity,39
stakes,39
attributed,96
pegged,19
hasreceived,44
mobil,72
kistler,15
crew,24
aviation,65
risein,27
phase,86
entire,120
implement,66
linked,99
outcome,80
fivepct,29
entity,36
banca,26
graphics,45
banco,51
assessed,17
midmay,16
numbers,56
anything,116
cruz,15
throughthe,19
conrac,25
postal,23
presented,97
joined,87
terminals,45
explanation,21
hutton,146
supercomputers,39
intokyo,17
liability,70
cornelissen,16
foreignexchange,68
staley,15
presently,26
terminate,28
deterioration,37
appointment,30
pershare,122
maturities,95
kimberley,15
mulroney,31
swap,67
districts,18
isunlikely,16
thrifts,24
additionally,17
thesources,25
theimpact,17
germanys,66
usbased,15
eurosterling,24
severely,39
queensland,22
requirement,138
matters,62
sweden,65
banksto,15
mlnbarrels,37
wisconsin,47
disappointed,31
model,102
twoforone,60
usual,44
thebudget,29
decade,47
themerger,36
insolvent,28
jacques,47
turning,49
schlesinger,38
kraft,25
unity,15
twoyears,37
allowances,16
tendency,15
segment,39
enhancement,55
faced,90
faces,79
succeeded,23
regal,16
regan,37
encouraged,53
toledo,25
judgement,40
initially,122
iadb,47
mixed,69
discontinued,40
specified,27
ctsa,18
summit,150
londons,23
jersey,97
records,42
ofsecurities,20
aplus,54
disrupted,21
goodyear,27
liedtke,16
contel,16
facts,20
dependent,41
stance,71
projections,37
stands,48
latter,30
cuba,33
meanwhile,107
thetotal,35
danger,60
yens,89
branch,106
cambridge,20
adjustment,144
brands,59
contra,31
schlumberger,26
depended,23
mistake,16
resume,108
cheap,48
crucial,48
mitsui,45
striking,35
check,42
tradesurplus,30
existed,17
publisher,22
underwritingcombined,27
curb,93
unaffected,15
itreceived,34
hudson,36
journalists,71
permanent,42
clercq,30
ministerial,18
arizona,34
stockexchange,64
dlrsthe,19
located,106
zoete,17
afraid,15
reynolds,101
ibms,24
ruled,100
violated,42
preserve,24
grown,49
baltic,17
dutchshell,34
imposition,22
ericsson,26
depressed,95
hanover,75
waterway,25
workforce,87
quietly,17
tanzania,19
icch,16
restraining,19
icco,81
liabilities,105
haggard,15
tomorrows,36
threeyear,83
barge,29
minerals,83
pricedat,18
abroad,142
never,109
symbol,49
foreigners,48
flexibility,83
hydro,25
antonio,24
ofinterest,31
obtaining,31
determining,21
wholesale,100
apossible,25
dinar,22
daniel,52
theother,20
withother,16
succeed,64
regulations,128
democracies,18
rumor,16
thefourth,34
placements,23
none,58
barber,32
noon,19
presplit,26
voted,145
excluded,43
votes,74
excludes,17
toprotect,21
unable,116
mueller,16
repeatedly,42
nova,51
bases,27
vietnam,31
idea,131
danish,42
coordinated,28
rateof,20
imaging,21
cargoes,67
cwts,16
toclose,24
plunge,29
basin,36
success,114
basically,31
carriers,55
belief,50
idle,27
promotional,16
carrying,87
newly,122
basra,39
fernandez,40
predictions,34
viable,15
cocacola,32
wilson,85
allocate,16
difficulty,48
nursing,15
realized,29
obligation,37
borrowings,132
nppc,20
tendered,92
runup,15
seized,17
underthe,39
apple,37
strengthen,68
apply,114
design,89
demonstrate,20
compromise,103
execution,21
thebritish,26
destinations,42
consent,46
awards,30
overdue,18
builders,18
litigation,57
atleast,47
clearing,94
lowering,34
recover,66
toward,117
thatwill,21
desire,39
values,128
machines,124
whenever,16
nonfarm,26
depending,85
bearer,19
filings,25
segments,24
becausethe,18
highest,118
scheduledfor,16
denying,15
kiechle,15
viacom,59
committeechairman,19
kansai,17
kansas,84
prospectus,63
boschwitz,16
letters,32
halfof,16
fighter,21
circle,32
carried,101
inadequate,47
reflecting,88
carrier,69
carries,111
practice,79
reflection,17
starts,89
cutprice,15
virtually,82
imposing,29
attempting,34
ifit,17
foresaw,18
chile,50
totally,33
drastic,29
breaking,29
foresee,23
totalof,15
valves,18
societe,48
society,42
chips,108
endseptember,16
engineered,21
buyback,46
attorney,57
indications,47
henderson,27
screen,23
atmosphere,15
permits,53
cement,46
tofinance,25
depletion,19
allocated,39
spread,147
composite,45
nationwide,68
retirement,44
partof,48
vowed,17
brasil,22
flags,20
vowgf,25
thisweek,26
uniform,16
settle,69
barely,18
slack,24
population,38
inmarch,56
fails,30
partys,19
commerical,18
ferruzzi,43
nonmember,21
socialist,46
houston,89
faith,24
committees,70
salesof,37
stated,82
slash,20
nomination,24
nevada,42
praecipuum,21
hasagreed,40
coalition,63
underway,80
amendments,35
someone,25
saito,26
twoweek,34
preparing,49
households,15
differentials,59
block,143
intothe,38
bbbminus,20
rotterdam,32
autumn,59
finlands,22
status,112
truck,146
ratios,38
thatthe,142
renew,39
distillate,20
forecasting,27
blood,82
productivity,65
rural,63
respectivedays,17
theboard,34
plenty,17
trump,45
pilots,34
dismiss,17
unprofitable,27
reacting,21
andchief,54
reaction,108
guilty,32
decide,107
commenting,85
takeup,23
underwriter,94
wouldcontinue,18
gradual,32
headed,81
disrupt,18
placing,41
initiated,18
billionin,26
kilowatt,17
barges,15
concept,46
operators,119
finland,33
toacquire,51
taft,94
solutions,43
saudis,42
finished,64
applied,104
applies,33
hundreds,45
northrop,17
midwest,45
double,98
talk,114
jardine,55
nigellawson,18
tunisia,17
tank,22
leverage,47
consist,49
nigerian,23
nigerias,28
tape,30
task,51
tass,21
doubts,40
commitments,124
avana,15
thedeal,26
keeping,69
thedebt,22
outstandingshares,17
toparticipate,19
belgian,115
pressured,20
carbide,32
pressures,82
highs,63
sparked,37
awaiting,50
jenrette,32
protocol,15
quaker,23
raises,37
satoshi,33
repay,137
keersmaeker,16
thestate,36
bayer,19
guinea,23
perhaps,63
declaring,15
optimistic,131
gordon,47
thetime,15
falls,87
hasfiled,15
reorganization,121
apparel,34
belgium,75
tremor,23
dingell,16
reply,49
owing,27
nakasones,51
favored,16
false,34
watanabe,36
bankrupt,19
realistic,40
sevenyear,65
combustion,21
compagnie,17
insider,77
thenetherlands,25
zones,41
fleet,82
buenos,39
direction,99
protect,124
participate,75
trends,57
cyprus,21
injanuary,123
protein,37
directive,20
israeli,27
israels,15
margins,115
restrict,38
cutbacks,28
spring,146
sprint,26
explore,55
ghana,30
telecom,49
halfpoint,29
greatest,32
nothing,119
employers,94
virtual,25
warplanes,18
protest,78
ottawa,35
orange,58
openmarket,21
residual,34
toconsider,16
routes,39
earthquake,73
engines,77
thats,70
amounted,62
unknown,20
antitrust,42
massive,76
saidadding,21
newyork,74
renegotiate,16
your,55
moore,42
curbing,21
manufacture,57
explained,78
finally,43
effectiveness,17
amountof,20
rental,29
distillers,36
advisorycommittee,18
uncertainties,29
choke,17
opportunity,83
therefore,93
capitals,17
dismissed,53
conclusion,25
southwestern,27
wideranging,19
writers,15
executiveofficer,44
olson,19
stayed,16
barclays,54
permit,88
dixons,118
terminal,76
harcourt,68
gillette,47
phone,26
proposes,39
governmentofficials,20
trusts,36
stockholder,20
santa,108
bentsen,24
yasuhiro,83
team,108
retain,115
sanwa,24
teck,17
ofmore,15
overcome,25
itcould,19
injuries,16
pension,81
dart,55
imfs,15
dodge,36
tell,67
licensed,23
licenses,35
tend,28
tenn,21
brace,29
provisional,136
abolished,19
funded,32
intelligence,42
proposing,28
barriers,75
formation,47
thequarter,17
cabinet,124
text,26
westerns,16
clients,87
avert,21
avery,17
brand,45
inboth,16
informal,53
liquidating,18
barley,123
liquidation,42
informed,42
inan,24
nyse,74
simmons,22
subscribers,24
dixon,15
recovered,57
inch,48
inco,22
aquino,57
innovative,22
economics,76
interbank,130
unitholders,16
economies,110
component,32
thefinal,16
riyals,33
wireless,65
airforce,15
inns,24
frederick,18
inra,44
friction,42
franklin,32
costing,18
streets,27
inus,19
sugarcane,15
lengthy,19
canadians,15
employment,120
universal,29
theodore,16
hills,25
frances,61
consequently,16
gobert,22
oklahoma,55
frozen,72
owner,53
slide,60
thelatest,16
koehler,17
chris,20
plastics,45
enrollment,18
theec,26
thereagan,23
swaps,59
underwritten,57
overallotments,32
premier,39
theme,16
residents,47
federalreserve,57
iowa,51
happening,21
flotation,30
atabout,21
seniorsubordinated,21
receipt,53
theuk,16
thai,96
sterlings,21
install,24
barney,58
coincide,21
schmidt,18
plastic,22
feeder,18
treated,32
usdollar,15
challenged,19
challenges,22
fares,35
strain,17
strait,41
standing,30
fargo,27
renegotiation,27
fixedrate,25
qtrly,43
synthetic,20
thin,33
disbursements,15
worried,63
worries,25
experienced,34
surface,21
specialty,83
begins,59
remarks,144
ordinary,121
makers,129
greenmail,16
itacquired,33
farms,28
checking,15
pentagon,51
qualify,28
writing,34
montedison,18
thus,101
nippon,140
exclude,29
background,19
wehave,15
dead,33
denied,131
salvage,15
dean,58
acompany,31
connected,23
deep,59
itupgraded,18
mlnbpd,28
retailers,23
sciences,35
nobody,15
initiatives,27
comanagers,25
tied,44
ties,48
deny,41
developingcountries,21
ashortage,16
underlying,108
desk,20
officialsaid,29
drought,91
bread,17
break,89
casino,27
yuan,49
patrick,31
claytonyeutter,26
declare,31
undermine,23
reschedule,31
tire,72
compliance,56
oftheir,41
norske,15
freely,17
couldbe,32
kaiser,23
brent,30
decree,51
mount,27
libor,118
unresolved,22
animals,18
freeze,107
bakersaid,15
subroto,33
eroded,16
othercountries,19
mikulic,27
adjust,33
congressmen,32
submitted,89
libya,20
toreduce,44
fiduciary,18
andthere,15
wages,78
entitle,24
alternative,135
irna,41
doing,112
iron,61
itbought,18
moved,102
mlndlr,68
duluth,16
seventh,22
imposed,137
millions,47
unlike,37
person,52
thefirst,141
niagara,19
jacobs,48
education,39
jefferies,104
sweet,38
alliance,79
suchas,29
oiland,31
carryover,15
whereas,17
towork,18
possibly,107
whereby,20
coastal,81
isnt,17
tosupport,24
lawsuits,25
bonuses,31
things,102
thing,89
thinks,34
halted,67
toronto,131
suspected,16
stream,26
redland,24
guarantee,114
barred,25
averaged,106
jobless,23
travelers,17
amsterdam,45
richter,18
importance,50
onemonth,27
ongpin,130
command,39
determined,124
item,24
jaime,42
barrow,15
combine,23
itis,77
determination,33
saved,15
favor,68
circuit,38
stress,37
electronics,133
restraints,21
confirmed,128
committed,114
edition,16
redeem,131
itoh,17
denman,22
annually,112
delayed,118
stakein,28
theministry,29
diaz,28
hired,18
itto,20
retailing,18
players,32
died,53
variety,64
glickman,35
overthe,77
float,54
proceedings,45
varying,16
primary,147
meals,18
diverted,19
thebonds,17
alleging,21
meant,87
contacted,24
issuer,19
oats,52
survive,24
unnecessary,16
classified,19
disc,18
retire,66
disk,48
norway,55
krupp,19
auctions,53
flood,29
floor,133
acting,88
textile,93
brian,40
tmoc,26
thelargest,34
banksaid,31
predicts,17
soldiers,19
appreciation,70
brief,83
hasalready,18
flour,41
matheson,26
computerized,16
harbor,24
flows,64
launching,67
consistent,60
liffe,30
assuming,46
poised,17
mediumrange,18
cancellation,20
dennis,18
andexchange,56
chances,53
formanagement,23
barter,17
theamount,19
denmarks,20
dinars,28
surpluses,90
thesituation,24
suspicion,20
ivan,22
monetarypolicy,29
orion,24
intentions,28
domes,74
tobacco,69
lowered,140
comments,146
automation,36
aprofit,18
evans,32
aftertax,57
afternoon,141
cancel,18
appropriate,85
cancer,44
declaration,25
nearterm,31
afterthe,39
meantime,20
theunited,97
digital,109
nikkei,16
decreased,36
crowley,26
usjapan,23
dayton,28
voiced,28
disney,36
sunday,104
issuance,65
pennzoils,20
borgwarner,75
iranians,26
cigarettes,17
clevite,17
highway,37
approach,101
togo,15
thecommittee,16
swift,15
reversed,27
aspokesman,33
harder,27
toincrease,61
toll,23
wales,25
enabled,22
tone,44
enables,16
passenger,119
tool,72
enquiries,21
swing,19
hardly,19
tentative,36
thirds,17
thepresident,27
competitor,30
officially,47
swire,18
pipelines,45
tour,43
thestock,48
town,37
hascompleted,34
implemented,59
mergeragreement,15
toproduce,19
walsh,24
follow,134
deliberations,16
weighted,23
unitedstates,111
monitoring,32
media,80
deadline,81
strict,33
caspar,32
disappointment,17
subcommittee,148
kuroda,29
annualised,20
dealerssaid,38
expressed,137
guerrillas,18
angeles,86
amerger,15
poorest,21
theadministration,33
commuter,19
warships,37
achieved,110
wasnot,35
kingdoms,17
reaganadministration,35
terminated,52
completedthe,28
guilder,71
oecd,141
andwest,22
taxable,20
durham,16
mitsubishi,75
doors,27
heller,36
gabelli,30
allocation,39
pertonne,21
comanaged,52
bottling,18
stephen,27
incentives,84
withdrawn,41
contributions,30
ofcertain,16
operational,37
goahead,16
kenyan,21
kenyas,15
restart,22
suffered,74
safeguard,20
torise,17
luxury,18
carefully,32
adefinitive,24
attendants,15
experimental,17
meets,48
specialist,27
totaling,55
tremendous,23
contracting,21
stockholders,114
contraction,16
cyacq,44
intense,24
broadcast,44
ofan,22
downtown,18
attributable,32
consisting,29
southland,17
nolonger,16
publish,15
sharesoutstanding,31
transamerican,35
touched,19
percent,39
commissioned,16
commissioner,57
lastoctober,15
imperial,59
dresdner,23
vessels,87
hodel,20
andloan,26
ofus,21
trim,23
trip,78
helmut,43
nevertheless,33
solely,16
subscribe,24
editorial,18
manipulation,15
attain,16
troy,29
multifamily,16
revaluation,28
event,55
true,53
launch,122
signalled,20
premiums,39
frame,16
negotiate,111
austria,22
demandfor,15
frank,63
frans,15
hedging,47
diplomatic,63
variable,52
colorado,46
arango,17
holiday,70
replaced,61
replaces,38
fraud,70
bigger,35
plansto,44
annesley,16
berlin,28
recommendations,66
dole,52
specifically,41
document,54
door,29
theentire,16
written,90
gallons,30
strengthened,39
becompleted,32
broad,90
bemade,25
increasein,23
thatwould,28
planted,88
slump,49
midapril,29
janeiro,24
kiichi,71
preparations,15
regular,141
broke,68
nextyear,19
cycle,26
ohio,109
jakarta,26
lilly,31
ofthose,15
saidshareholders,16
astatement,66
chance,118
punitive,17
plessis,28
serving,30
radical,31
cholesterol,18
brown,107
decreasing,17
limitation,18
recognize,21
detail,30
petricioli,15
equivalent,147
andwill,62
tomake,62
thejapanese,49
linking,34
rumors,110
cooper,36
centralbank,55
utilicorp,15
businessman,24
helped,149
centralbanks,18
interpretation,17
businessmen,100
taxfree,37
recommending,16
immunity,25
storage,133
deficiency,45
ofjapan,28
onethird,52
getting,97
stronger,98
winning,21
virginia,52
devices,48
aggressive,70
children,23
stretch,20
strongly,89
interim,99
jointventure,39
pctin,75
uncertainty,90
caesars,104
communist,55
lastmonth,57
anattempt,19
refined,87
firstquarter,103
mountain,52
microchips,34
pctof,130
reaches,19
jefferson,15
turn,114
retaliation,122
deadlock,19
material,107
pctto,48
cautious,67
recognised,18
weapons,26
demanding,35
fidelity,26
draw,65
denver,30
thebeginning,15
drew,40
incurred,62
language,34
links,39
spokesmansaid,46
integrated,72
fabrics,19
parents,19
steering,46
doesnt,53
global,150
doubt,71
thepreviously,20
quake,35
angered,19
scheme,138
interpreted,19
democrats,124
absence,41
pennzoil,142
cancelled,44
resolved,69
ofthree,17
textron,16
discounts,35
threefortwo,35
panama,15
attend,72
mechanism,40
thenations,16
themselves,91
publicly,62
unacceptable,30
incand,21
accrued,74
incash,25
waste,104
organisations,38
fresh,132
defence,129
okla,18
andthree,15
negative,135
revisions,24
magazine,47
seeing,33
twas,15
acreage,112
milling,23
continueto,26
annualized,26
tentatively,19
million,92
sumitomo,67
soared,46
twin,17
watch,29
evaluating,28
initiative,85
evaluation,28
peruvian,25
nomura,69
downturn,50
strongest,18
minimal,32
securitiesand,32
wouldprobably,22
contractors,36
democrat,101
dtex,15
gaining,23
completes,15
contact,51
flooding,31
potentially,30
johnson,120
delaware,52
detect,19
assurance,45
contain,43
persons,26
pollution,29
newsagency,18
jack,37
tomeet,27
twobillion,24
furthermore,19
separately,64
focusing,26
norfolk,25
fertilizer,16
comparison,42
restricted,55
adjustments,76
oman,20
elevators,16
threemonth,87
dual,53
thetender,15
stepped,25
duff,36
adequately,19
channel,26
orthe,16
actual,94
tradedeficit,35
constraints,21
zero,83
ortiz,15
reasons,101
difference,64
soaring,22
britains,78
corporations,99
cooperate,66
thephilippines,40
announcements,20
dumping,57
voters,24
treasuries,50
duty,80
adversely,28
herald,19
assumptions,19
atthis,22
bruce,17
exchangerates,18
sixmonths,32
type,69
farmland,24
sovereign,29
borrowed,23
borrower,74
extreme,21
fordelivery,18
deals,98
dealt,26
ones,38
corning,15
onshore,21
consolidation,46
repaying,20
deciding,20
death,37
indictment,19
phillips,79
finalised,21
maintained,81
mlnstg,64
foreconomic,21
marietta,17
werenot,15
grades,76
thenumber,23
fishing,26
alabama,15
onto,44
dueto,65
spirits,25
merchandise,57
budgeted,20
commons,25
assays,19
layoffs,31
alcan,44
overtime,23
returns,64
query,17
harold,25
panels,16
inconnection,27
contained,63
margoshes,18
container,54
mandated,17
unrest,34
inside,46
stabilized,15
companysaid,84
seemed,54
concessions,46
ventures,93
duffy,15
complement,16
absorb,42
student,16
bangkok,17
boycott,36
holdenbrown,20
battery,15
edible,31
temporarily,53
oopd,16
excellent,36
derived,17
interference,16
assumption,42
insist,21
lists,16
homes,75
willremain,17
thecurrency,19
approve,138
properly,27
harper,41
dozen,21
succeeds,25
essential,43
hostages,16
zhao,36
durable,24
suggesting,24
trigger,37
bolster,27
regarded,29
suggestion,33
collateral,27
headquartered,28
supports,55
cardenas,16
royalties,25
shield,22
collins,21
retaliatory,44
upturn,40
pellets,26
mlnfrom,20
hardware,37
assistant,76
itfiled,38
andriessen,32
struck,62
supposed,18
inluxembourg,32
peseta,20
honda,36
securitiesofferings,26
apollo,24
mobile,34
repurchaseagreements,16
jeep,28
content,50
convertiblesubordinated,36
expertise,19
obtain,89
diluted,53
forest,58
adverse,50
contest,15
honor,23
tenderoffer,33
nederland,19
context,31
recognized,22
passed,138
jets,40
wouldconsider,15
todiscuss,33
aegean,38
zinc,98
corpsaid,125
scrutiny,17
aggregate,50
reductions,98
welcome,33
shifts,24
intensive,17
alert,16
navigation,19
identical,25
fields,127
names,35
lobby,21
gallon,41
measured,49
drugadministration,16
duringthe,44
firemans,17
vegetable,93
approvals,68
insufficient,28
eligible,79
mlnswiss,19
americas,46
harris,83
mounting,38
oral,20
threats,20
lived,15
sorghum,85
lives,25
southwest,82
merck,22
chiefexecutive,59
participating,38
participation,123
merge,77
thomas,82
vigorously,18
quick,50
merit,25
utility,130
customs,64
londonbased,28
quiet,64
invested,49
conceded,21
assess,49
hoped,135
methods,42
semiconductors,86
frankfurt,73
dynamics,52
calledfor,21
defer,23
quist,19
quite,79
studied,22
studies,76
bodies,34
sensitive,35
eliminating,18
elimination,37
budgetary,38
tradeweighted,17
thefinancial,31
ifthey,15
poindexter,39
whilethe,16
restore,44
subscriptions,34
productive,25
investigating,35
theworlds,33
investigation,90
spectraphysics,17
oilseeds,49
highlevel,27
wendys,28
tendering,26
nationale,44
honour,21
nationals,19
precise,25
behalf,72
thefinancing,16
flying,22
ongoing,60
grains,82
salvador,17
piedmont,84
reopen,41
urgent,30
colombia,90
placer,17
places,18
diamond,58
downgrade,58
iraniraq,22
dilution,22
ireland,42
penalties,21
smooth,15
utilization,27
announce,104
evening,42
reject,41
averaging,33
conditional,25
incorporation,18
nearby,63
conditioned,44
kidder,76
moment,80
groupinc,17
otto,37
bankworkers,17
article,52
metro,16
routine,26
school,34
tohave,26
usagriculture,37
betweenthe,26
forits,26
hazardous,15
strengthening,40
anofficial,16
twomonths,17
knowledge,36
froma,26
front,66
award,50
purpose,65
aware,60
dominated,22
flight,61
pilot,30
frost,21
cruzado,16
formerly,88
finalized,17
critical,67
radio,137
withdrawal,53
froze,21
continuous,22
whatever,37
oxide,25
thismorning,38
privatesector,23
depress,20
planting,63
prospective,31
morris,16
reacted,30
senator,39
baxter,23
closely,96
represents,142
tension,34
stevens,22
driven,16
drives,18
thesouth,18
helicopter,28
derivatives,17
arbitration,22
illegal,57
components,107
mlncommon,17
favour,72
ambassador,48
utilitys,21
lowest,103
structural,54
assist,45
hotel,96
structured,17
logic,15
structures,17
courier,57
mutual,96
superior,31
spokesmen,43
weizsaecker,24
babcock,24
giant,50
ucpb,24
republicans,64
containing,41
ailing,27
boliden,16
section,66
leasing,63
subsidy,105
noranda,94
ecuadors,53
accordingly,15
owed,80
owes,26
zone,67
continuation,21
commercialpaper,19
fierce,19
accordingto,27
wouldbe,100
sharesin,16
solved,23
newsconference,46
rebound,21
westlb,15
theywere,38
beheld,15
sharesof,61
sharesor,17
lastseptember,18
feature,38
theeconomy,73
limitedpartnership,15
sharesto,16
alleged,115
cleanup,18
alleges,40
wouldnt,30
urging,45
allen,39
redress,23
prepayments,17
unilever,32
eager,24
enterprises,144
sweeping,21
impetus,18
allegis,40
morton,16
likelihood,34
freight,78
trader,149
trades,86
headded,37
procedures,60
eagle,18
hillards,16
formal,114
allegedly,20
willing,144
allof,21
engineers,31
affirmed,71
achieve,113
israising,19
basket,34
tohelp,41
grande,21
eliminated,32
matures,44
favorable,66
incident,16
underwrite,37
earn,84
ease,111
delay,112
easy,44
representation,26
andfinancial,29
decrease,85
nervousness,21
takeovers,42
quote,48
similarly,23
delhi,40
boosting,44
grants,26
advice,28
postpone,20
comparedwith,74
growers,93
deregulation,98
montagu,34
maintenance,68
incorporate,17
dependence,36
definitely,23
delta,56
predicting,17
thespokesman,27
prediction,17
capabilities,36
osaka,29
safely,15
unavailable,45
mlnshares,65
advise,20
pressed,27
approached,43
thepast,45
approaches,19
salaried,15
salaries,29
stepping,17
aspects,35
safety,61
talked,21
heating,60
saving,23
temporao,16
cleveland,21
highly,80
compensate,42
arrest,15
ltdsaid,70
singlefamily,28
silkworm,16
amajority,15
historical,18
naval,44
abolition,21
ofinternational,24
marcano,17
artificial,17
plains,25
ecgd,26
hilton,36
exported,88
exporter,54
perception,25
norways,38
reporting,107
bankamerica,90
bristolmyers,17
argentinas,53
twocountries,15
helicopters,21
rains,81
interior,37
agencys,32
repaired,16
picture,53
existence,26
bottom,51
cautiously,22
collective,17
heads,67
subsequently,33
sudden,25
join,115
theright,26
arrange,55
solution,125
counts,22
county,140
waters,65
denis,19
fruit,38
tobecome,15
tallow,16
ministrys,28
transamericans,17
jose,75
heard,47
heart,61
suggested,134
anywhere,19
smith,141
alone,99
managementand,20
accordance,24
edge,28
itsshareholders,28
affiliated,39
affiliates,56
cleared,36
testing,100
aloss,21
cathay,27
mercantile,85
overnight,107
tighten,44
tighter,15
gardner,18
precipitation,19
buildings,38
clearly,90
durum,24
alternatives,83
conservation,53
forward,141
garcia,28
printers,29
owners,84
behind,129
germans,15
conservative,132
satisfied,49
utilisation,15
warehouse,30
richards,17
resolve,108
warburg,56
backed,105
fouryear,45
eastman,33
endedmarch,16
revolving,64
petition,68
beidentified,18
cleaning,15
receipts,67
taxpayers,16
mohawk,19
nonbank,33
priceof,26
agreedin,17
write,45
afurther,39
couple,31
theissue,29
dramatically,19
eurodollar,46
agent,85
hotels,84
relatively,149
clause,17
agreedto,36
booked,28
networks,47
dlrsin,112
mortgages,55
hecks,20
sluggish,46
lighter,15
tight,75
amajor,53
injunction,38
entities,36
smelters,21
tenneco,25
dlrsof,55
delegate,42
dlrsor,36
sanctions,130
thepossibility,26
household,34
questioned,37
dlrsto,32
contras,19
willnot,41
discussing,57
depth,39
reebok,25
azpurua,44
repayments,99
discussion,64
boardauthorized,15
capable,36
definition,26
coand,16
heading,30
mondays,56
pioneer,25
rally,79
scenario,21
definitive,112
platform,59
clothing,22
sumitasaid,16
nelson,17
thetreasury,18
elect,26
hedge,28
tropical,15
protests,33
concepcion,17
portugal,48
subordinateddebentures,59
utilities,95
counterproductive,32
infrastructure,17
thesecurities,98
ivory,46
arrive,30
harvest,124
onmarch,42
fluctuate,16
totheir,17
tensions,34
controversial,63
condoms,23
propane,24
nazer,32
princeville,17
carolina,41
shall,21
chinese,129
exportenhancement,16
suisse,59
futurescontract,15
shape,28
qintex,20
looks,78
civil,69
mainframe,19
slight,68
course,119
courts,39
rebuild,16
pledged,77
greenspan,65
thatcher,65
realignment,29
pledges,20
planes,71
authorised,33
wickes,16
caisse,36
newman,15
internal,107
dlrsprincipal,15
became,82
spanish,80
calling,90
institutional,102
fluctuation,19
occur,69
ranks,23
peoples,57
resistance,61
atonne,15
egyptian,20
recapitalization,72
printing,48
owning,25
instructions,16
andinvestment,30
circumstances,70
ameeting,26
theworld,48
gynex,21
alter,22
outboard,22
kaunda,15
pace,96
toreport,21
entitled,68
vicepresident,111
entitles,22
aschairman,15
page,25
coordinating,18
window,31
modified,29
creating,38
coordination,54
machinescorp,18
tosell,58
creation,37
speculate,22
palm,144
automatically,26
rumored,25
partially,49
keidanren,20
park,51
edison,38
juan,18
pass,66
path,22
pave,22
thompson,17
mulford,38
constant,27
pays,122
clarify,20
concerns,92
engineering,144
ocean,31
discovery,33
allischalmers,47
emerged,51
threatened,98
jump,51
switching,31
smelting,20
junk,20
upjohn,15
stimulus,18
rapeseed,43
payout,30
jury,34
concentrate,72
theparis,22
earmarked,21
documents,76
rapid,79
evidence,107
centre,82
imbalances,84
cordero,20
nameda,17
unch,111
poehl,100
theshares,16
subjectto,20
argued,58
weight,53
agreeing,21
unix,19
ringgit,66
individual,120
barrier,19
theend,68
degrees,40
champion,25
fourthquarter,57
receives,23
wright,91
holidays,18
yorks,28
apparently,69
resorts,46
bilateral,103
referring,81
gilts,48
barring,24
intervened,77
installed,45
pcgg,33
types,53
heritage,20
studying,69
emerging,21
sheet,121
rejection,30
wrong,38
assume,70
challenge,54
patent,92
shelf,89
shell,113
assure,23
thefed,19
wrote,30
tomarket,15
kleinwort,27
introduce,86
treasurysecurities,17
restrictive,35
neither,71
marketconditions,20
circulated,21
hiring,18
severe,98
republic,90
disposable,15
human,57
agencysaid,24
attention,82
heinz,22
expenditure,115
fluctuations,58
narrow,77
periods,64
toshow,16
michigan,81
redemption,133
oppose,57
thesenate,19
normally,68
echoed,20
disposition,15
precision,20
pizza,21
airbus,110
waiver,18
newspapers,57
else,42
monopoly,21
praised,20
rumours,55
halting,17
upon,124
eased,110
specify,61
repaid,47
peak,74
peat,16
repair,45
pounds,82
lotus,28
upto,67
conduct,72
cohen,27
tankers,71
executives,109
offerfor,16
feasibility,35
setting,95
deferred,40
continues,147
greyhound,19
arguments,23
bankof,30
thedollars,15
penn,20
effectiveimmediately,19
tobring,17
functions,31
brooklyn,15
nonoil,32
peru,84
tranche,83
peso,20
monitor,57
sosnoff,66
louis,51
penney,23
arent,20
ofthis,21
champlin,16
investing,35
delegation,67
liquids,30
purely,22
hewould,28
fiscalyear,20
decembers,21
pakistan,64
mannesmann,22
achieving,23
young,51
asubstantial,21
aluminum,55
atotal,46
ofdebt,22
marshall,30
encouraging,70
forecasts,149
youre,23
ends,51
lessthan,36
southmark,29
midsession,23
confined,16
comprehensive,41
inquiries,26
primeminister,38
coinc,30
coins,54
desktop,21
previouslyannounced,66
hasbeen,123
shearsonlehman,23
urge,35
purolators,21
spencer,18
magnetic,15
lucas,15
accompanying,15
inprinciple,36
revising,15
compound,21
revision,59
moscow,122
closure,39
onehalf,25
eoac,17
lucky,34
bolivars,29
shift,111
rolled,22
ifthe,46
unsolicited,27
slowing,42
knows,22
didnot,42
seagram,19
square,47
user,24
uses,69
unhappy,16
footwear,18
picked,19
attending,35
gerald,18
replace,115
theyearago,22
withheld,15
pictures,23
argue,30
settled,63
restructured,33
enhance,49
banned,16
ussr,74
banner,30
supplydemand,21
enormous,35
upgrade,35
ofcredit,21
epac,18
multiyear,16
pickup,35
transportation,114
thecompanies,19
creditorbanks,17
ugandas,15
repairs,32
utah,51
arabian,43
gerhard,38
arabias,27
bullet,37
oneforone,17
impacton,16
leads,19
sameperiod,22
fitzwater,56
longrange,24
repeat,19
leahy,24
patients,53
anannouncement,15
pick,38
elizabeth,15
butsaid,19
convention,34
lease,98
henry,40
leave,117
theexchange,29
northwest,72
thetalks,17
appeal,96
appear,94
undertake,18
statementcovering,18
exceeding,46
pins,52
color,28
lawmakers,48
pipe,27
factory,75
quoting,46
thecanadian,19
strategies,24
pumping,19
coltd,33
numerous,16
eurostat,15
thedevelopment,32
polls,56
guesstimated,35
benefited,15
arise,21
tisch,15
divestiture,17
fhlbb,20
unidentified,28
willalso,17
salary,34
comes,114
comex,40
bolivia,40
oneof,35
magnitude,23
husky,18
beforethe,33
aninitial,37
atlanta,41
firming,25
mcivor,17
thesecond,56
strains,22
austerity,55
unexpected,29
presidentreagans,15
upham,45
transferred,46
somewhat,39
played,38
jumped,45
player,16
passengers,32
fallen,94
eightyear,22
scale,90
travel,35
title,19
marginal,35
thebalance,20
andpriced,31
reading,23
goals,54
valid,28
intend,71
ininternational,16
yugoslavia,72
banque,89
thenew,64
iscurrently,16
exchangecommission,142
notification,18
redeemed,48
permitted,41
esso,31
este,15
valve,18
manhattan,100
enacted,19
talkswith,20
cordoba,20
franchise,30
pdvsa,47
play,70
amstutz,51
plcs,34
consists,54
tothree,19
fridays,56
nominees,15
tariff,78
interestpayments,32
andsaid,23
nights,42
manilas,17
thecountry,43
rogers,25
tolimit,15
memorandum,26
earning,21
gives,95
boarddeclared,32
whats,20
object,17
bondmarket,16
exercisable,60
abolish,22
tobuy,71
convertiblepreferred,17
appreciate,18
deposited,21
thebundesbank,36
specialists,24
abide,19
wouldhave,45
comparative,17
karl,44
damaged,73
damages,88
kato,24
complaint,93
amended,49
insured,61
vendor,17
insurer,24
hertz,19
shock,19
yields,140
demanded,38
detroit,31
financiere,15
ownedby,16
armed,42
concluded,92
findings,28
confederation,15
pesetas,22
propose,58
guidelines,54
mandate,18
scattered,20
comparisons,24
shops,17
necessarily,24
higherthan,19
equatorial,15
shown,74
shows,106
saleof,26
events,34
enrolled,16
processed,24
sulphur,72
processes,23
colleagues,23
marcos,36
burlington,63
hesse,17
overthecounter,21
identify,64
ever,96
blamed,59
offensive,39
onits,34
proprietary,28
seamens,17
threemonths,15
gaming,15
processor,22
voluntary,42
representing,144
itsigned,44
forthcoming,27
bolivian,16
bolivias,21
macao,22
inlondon,32
sizeable,20
indeed,37
allowance,37
towashington,15
tankoku,17
saidthat,72
controlof,17
shortfall,82
squibb,22
levied,23
saidthey,39
resisting,16
andpoors,15
poll,133
breakthrough,17
immune,26
pont,34
pool,34
aboutthe,35
poor,109
portfolios,26
pope,16
handle,59
againstthe,40
approximately,131
pork,83
smaller,118
theres,119
pose,17
categories,26
isstill,17
lawrence,47
created,107
naturally,15
thenational,46
extraordinary,112
preventing,37
consensus,44
floating,104
replied,58
arose,18
kilos,73
mississippi,47
sellingconcession,23
ports,88
ceiling,113
cellular,19
ratified,18
pursuant,26
treasurysecretary,34
exchequer,77
vessel,46
pillsbury,24
tradeand,22
exit,17
posed,23
lockheed,17
reflects,93
itplans,34
costa,41
mellon,36
privatised,34
keen,33
multinational,22
refineries,33
cibageigy,20
seasonal,73
diseases,17
aspecial,26
stemming,22
posts,30
pctowned,58
resumed,35
theoffer,29
trouble,38
kept,85
ashland,17
intention,86
science,23
prudential,34
telling,39
successful,134
patient,15
programme,97
thetax,22
prince,22
kinds,18
seriously,67
upgraded,30
currentaccount,18
stockbrokers,30
rapidly,66
yearearlier,119
hewas,18
onmay,19
followthrough,17
venice,71
covers,59
lunch,22
calculating,22
maintaining,46
subscription,24
margin,125
version,78
fslic,38
internally,16
indonesian,67
stewart,17
indonesias,66
billions,25
prev,63
thetwo,30
industrialised,49
aftera,17
combines,16
category,32
count,43
cuban,24
adividend,15
changing,68
enable,100
roasters,20
processors,57
cubic,117
sydney,38
indian,87
indias,44
persuade,30
notice,63
actively,55
afinal,16
onebillion,30
hungary,40
upper,63
exclusive,52
everyone,31
geothermal,22
psbr,37
magma,23
noting,113
kentucky,18
predict,56
surprise,57
twoyear,67
elements,28
itsboard,74
stearns,56
meaningful,15
stimulate,128
campaign,103
mexican,76
floortraders,23
toprovide,53
vision,24
marketings,15
anchor,23
accurate,22
moderate,98
visits,18
nicholas,16
pinola,25
stoltenberg,93
whichis,28
toits,40
fundamentals,77
mexicos,60
airport,82
message,37
burden,85
speculative,86
printed,19
printer,17
marine,104
pursue,84
rochester,27
brunswick,29
turkeys,26
successive,22
significance,21
theprice,29
hasacquired,24
alvite,20
respect,67
morocco,24
repayment,150
administrative,38
amendment,91
itsstake,16
favourable,65
andcould,15
nasdaq,88
bureau,144
kilo,57
enhanced,33
kind,105
king,82
vary,18
affecting,71
vast,26
traderssaid,26
showboat,15
maine,20
retains,17
attempts,67
kits,23
token,21
pull,28
pulp,26
redemptions,19
precious,43
pump,26
transco,25
evident,22
peace,25
presidentof,17
zaire,34
pure,18
returning,32
push,125
ofabout,53
latinamerican,21
puts,23
transit,25
missiles,110
cease,20
foreseeable,15
definitiveagreement,15
tenders,58
applying,23
marked,62
writeoff,27
januarymarch,15
upset,16
multiple,26
lyonnais,22
residential,41
converting,18
markka,26
reviews,26
feared,31
ofwhich,33
conducting,18
legislative,26
usjapanese,26
automakers,32
honduras,18
exclusively,25
privatisation,49
unnamedb,17
monitored,32
transition,26
contributed,92
refusal,38
forabout,17
theyen,15
equals,20
complained,34
refused,131
theyll,19
servicing,52
maker,138
endfebruary,29
bridge,48
floated,24
technologies,124
clearance,15
attached,39
moderately,20
marlin,30
theyre,54
responding,65
aiming,27
agenda,53
environmental,75
theyve,26
amounts,148
complaints,34
lenders,100
eventual,25
weyerhaeuser,16
seemala,28
pharmaceutical,54
prohibited,25
januarys,54
competitors,45
significantly,127
cities,74
binding,28
todevelop,25
mccarthy,24
qualified,42
theyhave,17
possibilities,19
supporters,26
itintends,16
anticipated,104
agents,28
anticipates,41
weakness,95
observers,19
citing,77
personalcomputers,19
sinking,63
implications,56
temperatures,47
spirit,39
warning,63
mergers,51
momentum,52
rostenkowski,41
advance,117
mostly,123
oversubscribed,23
declinein,18
comdata,39
turkish,57
consideration,101
kwacha,25
improvements,52
standstill,28
advertisement,24
pursuing,15
withan,19
powerful,54
fellow,22
anadditional,27
monier,32
fahd,15
fail,56
fair,106
depend,69
fellto,24
callable,39
brodersohn,16
failing,61
swedens,42
inaugust,17
fare,16
vein,15
respective,21
fast,75
fats,93
bourse,91
salomonbrothers,23
unsold,17
cominco,54
pctconvertible,20
missions,18
attacks,71
veto,100
elders,49
discussed,140
ofpayments,18
detailed,73
industrialized,36
scope,46
constructive,20
thetrade,25
widely,110
leaded,18
companyspokesman,18
scott,52
pattern,39
therecent,19
secondquarter,35
massachusetts,22
tools,42
toone,15
ethanol,15
knew,27
sceptical,19
injured,39
nigeria,78
speculators,26
attacked,59
victims,26
roeller,15
ruding,27
octoberdecember,15
topurchase,39
themiddle,17
financialservices,25
establish,106
mediumsized,15
consuming,29
topay,15
benson,22
reserveboard,15
republicbank,31
theannouncement,21
preceding,26
topic,19
instability,25
surveillance,27
select,28
guesses,16
electricity,67
suffering,34
aaminus,33
caught,23
detected,19
diversified,52
seamen,67
televised,22
whenthe,46
grenfell,26
colonial,23
kohl,44
kodak,73
minutes,69
destroyed,43
theruling,19
amoco,71
ignored,22
formally,54
laboratories,63
accumulated,34
itwould,67
raytheon,17
citibank,86
deeper,16
lawsons,17
counties,23
recommendation,95
amore,20
korean,76
koreas,52
anddevelopment,43
supporting,40
fdic,39
individuals,70
marines,20
toallow,15
irans,56
regulate,21
offeringof,17
deeply,28
yugoslav,50
theparent,17
iraqi,104
lastyears,31
iraqs,30
supportive,20
releases,17
invited,48
forming,29
slipped,50
declines,97
scrap,31
exposure,127
philippine,121
robins,18
flowing,19
itreached,15
thefuture,18
confident,113
responded,45
happened,42
judgment,61
legislators,20
fear,80
disposal,30
ample,20
declining,118
reveal,21
straight,56
gephardt,20
microprocessor,20
feds,38
living,69
feel,96
totake,35
totals,35
sustain,33
passage,45
mineral,50
felt,83
plunged,38
papandreou,19
thailand,114
discipline,25
commercialbanks,19
tosupply,17
comparabletreasury,18
ferc,15
instruments,112
finnish,36
swedish,82
justified,18
focused,23
league,16
merely,31
visa,27
termed,25
amounting,23
sowings,20
backing,44
miller,106
boesky,49
tosee,16
refinancing,47
friendly,34
petrol,47
unclear,28
operated,78
operates,109
empire,15
becauseof,39
entertainment,72
algeria,52
replacing,45
philips,59
thecommission,19
altered,17
itsfirst,18
operator,63
stressed,80
mario,33
toraise,27
furniture,21
automaker,29
beyond,99
bbplus,19
timetable,25
default,51
optimism,60
emerge,35
emery,42
shanghai,38
downwards,20
stabilising,22
smithkline,20
provides,132
prospect,66
hanson,32
answer,59
merged,57
pushing,51
forgeneral,16
egypt,86
lewis,34
respond,63
struggle,20
montreal,50
spurred,19
guard,22
threeyears,30
developer,22
theysaid,49
unwilling,21
toldthe,25
martin,82
consortium,122
toyota,63
influenced,16
fluids,15
fiber,31
australias,70
publishing,61
influences,15
bancorp,112
prosecutor,27
nazionale,17
maturing,99
obvious,21
mason,20
vaccine,43
accepting,24
improving,76
nonrefundable,27
exploring,20
putting,68
shultz,98
gould,33
usdlrs,25
yielding,64
touch,21
theselling,15
punta,21
intrade,16
foster,56
tough,113
fibre,19
telegraph,73
farmer,26
charging,30
saidits,123
discourage,18
africas,63
search,35
climate,48
bangemann,20
sheikh,25
secured,104
match,64
spinoff,38
scientific,38
tostimulate,16
calendar,149
locations,48
romero,16
andforeign,19
searle,18
implied,22
anindicated,27
victory,41
circulation,57
secondhalf,17
italys,64
controlling,47
climbed,46
fiat,42
oftotal,18
retaining,15
pakistans,18
backlog,52
crosby,17
steadily,47
shortages,30
exceed,125
ofcustomer,20
sincethe,22
woolworth,32
employ,25
flexible,62
file,124
fill,42
film,40
islamic,24
advertising,48
fine,60
silicon,18
alfred,18
schedule,79
fire,104
radiation,17
fish,36
except,99
havebeen,62
provoke,15
revise,26
revive,20
intended,139
brings,87
freedom,41
citrus,39
syndicated,34
belonging,15
supremecourt,16
wallstreet,18
lawsuit,59
secondlargest,15
jungle,19
dakota,20
februarys,37
sides,118
tower,35
liberalisation,44
hughes,120
islands,56
budgetdeficit,37
politically,25
regardless,30
locals,52
social,127
seller,23
towns,18
exact,35
battle,75
pickens,25
yearending,19
correction,39
mlnin,21
defended,31
dairy,88
transamerica,17
asecond,20
bundesbanks,33
daiwa,54
offices,127
zambia,44
franchises,19
indiana,43
inject,21
arguing,24
pgloas,17
victor,27
publicoffering,21
depositary,22
bbbplus,28
hopeful,18
broadbased,16
curbs,40
ministries,26
pence,40
understand,22
hardship,15
refinance,38
tomaintain,27
monsod,16
afterwards,15
popular,51
completely,55
shells,17
teams,25
andother,76
penny,19
lowerthan,16
louisiana,74
thomson,28
strained,17
anderson,21
flag,40
flat,64
disease,86
aggressively,36
slowed,58
slower,48
surprised,45
requires,90
shillings,20
junior,30
criticism,74
slowly,37
fifth,56
reliance,38
origin,43
revlon,34
irish,26
asenior,22
rockwell,29
startup,29
indices,20
spokesperson,15
broking,19
affects,19
tooperate,15
generated,66
fight,66
tamura,23
privatelyheld,58
henley,38
boosted,77
microwave,25
asean,17
reaffirmed,52
ordered,104
prompt,41
witter,38
objections,46
sight,34
hyundai,18
thebanks,43
voluntarily,18
smelter,85
presidentand,18
exportimport,18
orderly,19
paulvolcker,32
seaway,17
signs,139
nicaragua,25
passing,22
element,30
referred,45
maybe,44
crudes,39
installations,20
excise,26
filled,27
engage,28
sustained,55
lawyers,67
compensated,17
theprogram,16
sixmonth,47
depreciation,63
kongs,28
beirut,21
expired,61
boats,18
fighting,70
expires,78
thelast,38
generale,55
corpand,20
diagnostic,35
duties,97
devaluation,41
inventory,105
generate,61
rivals,16
ranging,103
registrationstatement,23
narrowing,18
picking,20
doesnot,38
considers,35
inresponse,20
unemployment,147
inevitable,22
mazda,23
federation,101
argument,27
comprising,55
seasonallyadjusted,28
losing,57
acid,55
create,122
aprovisional,18
alleviate,17
oneyear,51
gencorps,22
workingcapital,21
causing,61
stage,107
acre,45
competing,48
cincinnati,18
acts,26
corporatepurposes,15
nebraska,20
purchasers,28
guide,17
suspension,104
strategic,92
stand,93
causes,19
thousands,54
itagreed,49
foot,49
articles,15
outflow,29
fora,58
fort,30
concerted,40
completing,19
aday,33
adbs,17
watching,26
delegations,20
adds,20
image,34
outright,47
technically,24
nonetheless,18
automated,22
proper,25
perry,27
beallowed,15
marginally,21
newsprint,26
perus,36
automatic,41
florida,105
forundisclosed,25
stabilise,75
family,130
computerland,16
lasting,27
quantum,27
managements,28
engaged,44
stabilize,76
pesch,27
thegroup,26
formula,55
merchants,38
involve,51
attended,36
pushed,74
ofamerica,30
breached,18
indicates,30
pesos,120
resignation,65
indicator,41
wouldallow,15
asian,111
aero,16
ratings,122
leased,29
aside,62
leases,42
stcks,34
comprised,54
province,66
colead,46
firsthalf,20
guarantees,77
admitted,38
peter,82
capita,17
repurchased,32
repurchases,31
malaysian,86
cetus,17
malaysias,29
oilseed,41
prevented,19
labatt,20
lambert,108
surrounding,22
silas,15
yearand,37
fred,22
films,21
failures,19
mentioned,32
likelyto,26
toshiba,60
municipal,23
disappointing,27
senators,49
rivers,21
emergency,111
hourly,24
textiles,56
reichhold,17
contribute,76
challenging,17
weakening,24
agip,18
thefederal,55
steam,32
automobile,53
sarney,54
nabisco,48
minnesota,39
exist,36
steep,45
steer,21
summary,37
texacos,59
purchasing,57
foreigndebt,16
victoria,16
simex,30
anyone,36
facilitate,27
willcontinue,32
stems,25
northeastern,16
candidate,31
dropping,38
thesoviet,38
unspecified,49
steps,137
rothschild,33
timber,19
simon,39
misleading,20
lifted,62
receivables,19
responsibility,61
larger,128
history,73
classes,24
issuers,29
whichwill,31
contacts,37
administrations,53
reportedly,15
farming,26
cutback,16
fines,18
allied,89
allies,35
ustreasury,19
decides,39
enjoyed,24
objectives,32
diesel,35
onmonday,21
principles,24
decoupling,16
auditors,39
shifting,23
responsible,100
itsannual,16
leaves,41
filling,15
restored,21
gundy,32
downfrom,28
always,90
resulting,122
preferential,19
sports,29
lack,139
theaverage,20
pressing,49
animal,34
models,96
internationalinc,20
ftse,24
mlnmarks,19
syria,22
bushels,108
testimony,66
aide,109
nonstop,33
laid,44
seasons,32
indenominations,31
modern,21
lake,72
modest,106
dudley,16
tactics,19
lane,26
volckers,36
mediumterm,38
underground,41
motion,53
aims,60
presidential,84
greatly,38
dieter,17
counsel,46
alarge,20
adopting,17
adoption,28
deficits,80
dated,42
dates,35
itwill,115
fuji,27
signals,43
hoping,37
threeday,26
theperiod,31
qatar,50
evaluate,44
compensation,61
financialmarkets,20
thismonth,30
unemployed,22
hague,16
lloyds,120
commissions,76
indefinitely,25
heyman,19
moneymarket,31
recommend,50
scotia,23
proved,59
proven,40
widening,24
wasexpected,15
engine,109
gelco,21
scientists,31
showers,19
unleaded,24
yearend,109
counter,39
supermarkets,60
electrical,67
alaska,49
distributed,74
orleans,17
telex,43
contracted,44
agreementto,20
guesstimatingtodays,21
distributor,43
edelman,37
timely,17
arelikely,16
negotiation,41
usually,70
vendors,15
suharto,16
contractor,19
bahrain,63
anticipation,24
incoming,26
contingent,34
humans,15
stick,31
audiovideo,18
successfully,36
essentially,19
papers,29
coarse,35
taiwanese,23
stiff,19
widen,15
wider,42
sunflowerseed,19
visiting,22
recorded,122
egypts,15
divided,54
poland,47
wellcome,18
davis,29
targeted,39
exaggerated,21
ajoint,27
gasoline,137
fortunes,15
alan,78
alex,32
industrie,31
andco,43
complicated,21
internationalltd,20
bidder,24
modernization,19
fired,36
combining,20
counterparts,18
ldps,15
andis,23
andit,17
moratorium,63
defeat,24
chemicals,117
andor,18
kenneth,33
theywould,24
thecentral,33
organized,16
resigned,141
outlays,38
industrys,48
ofcommon,29
acquiring,87
andto,18
briefing,48
portland,34
modify,17
device,44
diversify,38
defend,58
lear,16
blocked,35
commonshares,92
themoney,37
frustration,17
strictly,15
reluctance,29
amcs,22
diversion,33
hormone,22
upfrom,33
convert,69
amex,20
amid,65
lend,50
lent,30
consultants,15
leon,17
douglas,128
something,88
dipped,28
unions,144
signeda,20
associated,101
agriculturedepartment,41
confirmation,49
associates,135
lets,17
hectares,120
criteria,49
amro,16
levy,51
grammrudman,22
refund,16
europeans,15
depositors,28
distributing,18
overproduction,20
refuse,18
nationalsecurity,15
deliver,38
understood,34
theweek,25
contains,49
expiring,19
naylor,19
disputed,36
hampered,16
imbalance,55
disputes,47
equities,67
celanese,34
anda,51
anew,71
tightened,20
principally,26
privatelyowned,15
showing,87
appealed,29
supplied,46
dominant,21
supplier,63
tackle,20
theproduction,19
lawyer,43
yearly,33
andgas,19
broken,51
broker,121
thecountrys,59
guatemala,15
sites,32
probable,24
differences,48
upwards,25
provinces,59
willhave,31
treasurer,45
allows,102
physical,58
integrate,17
professional,35
shutdown,28
narrowed,46
tandem,30
miguel,46
english,22
careful,29
comparable,124
timing,67
anger,23
attract,51
becoming,70
bonus,138
andthat,43
restructure,49
zimmerman,18
elections,123
inapril,42
blackburn,17
anglo,17
europeancommunity,52
upland,18
andhas,20
prepaid,19
treasurys,35
ortner,17
reserved,32
chapter,109
angry,16
chartered,72
longerterm,20
accident,30
ofshares,18
missouri,28
absolutely,23
sessions,40
prepare,33
thereafter,53
registering,17
thedollar,137
dlrsa,51
books,64
memory,59
accords,51
compensatory,17
forcing,36
really,121
triangle,21
colony,15
toimprove,31
depression,18
realty,45
broadcasting,68
expenditures,75
yellow,19
departmentsaid,46
suburban,19
outlets,35
procedure,43
jordan,27
profitable,98
hands,99
anincrease,34
delaying,17
roseto,25
expectedto,62
acknowledged,63
asthe,63
buildup,25
generous,17
targetted,24
define,16
wouldtake,18
aminimum,19
monsanto,22
suggestions,24
dealing,101
liquid,60
tostabilise,18
finding,55
rhode,18
wait,78
lies,16
announcing,52
lift,93
westminster,31
wake,37
elsewhere,54
assumed,51
walt,17
confrontation,24
assumes,18
andits,38
wang,69
diversification,22
officers,89
totalling,125
slaughter,84
javier,18
ecolab,16
negotiators,55
focus,124
dramatic,38
ward,43
warm,27
wars,16
link,93
wary,21
appoint,18
wash,18
pepsico,18
represent,87
shopping,49
wave,48
prefer,38
lira,21
lire,128
list,150
satellite,59
definite,16
live,91
europes,27
christian,49
venezuelan,40
venezuelas,36
neutral,32
meetingof,16
indosuez,17
thegeneral,24
posting,38
unisys,32
francisco,63
stone,37
signing,46
stood,135
drafted,21
leadmanager,50
frequent,15
labor,90
licence,29
subsequent,41
store,100
storm,24
asubsidiary,50
commonstock,130
story,32
arab,105
draft,88
placement,91
dollaryen,26
arco,16
bethlehem,20
coordinate,23
stemmed,20
adsteam,16
drain,42
railroad,36
volkswagen,63
performed,24
tests,87
whitney,20
ariz,17
avoiding,15
unitof,26
license,82
febres,20
army,84
extra,93
governing,31
ministeryasuhiro,16
certainly,90
selective,18
documentation,19
pressconference,17
drawn,61
pctcompared,21
installation,27
university,81
mikhail,20
excluding,103
twocompanies,15
display,28
boren,22
porsche,18
cumulative,143
getty,39
happy,45
asan,15
hostile,57
ascs,22
sixth,43
toabout,18
broaden,25
broader,36
downward,68
asia,144
onetime,32
questions,85
broadly,45
chicagos,16
adjusting,18
obstacles,28
allthe,15
police,107
buoyant,24
pctfrom,59
recovering,17
usedto,21
safeguards,21
factories,51
compatible,29
manage,64
willy,20
dominican,16
distributors,32
geneva,54
wounded,19
sofar,22
involves,59
polish,24
toopen,19
attracted,29
schemes,37
floatingrate,18
offerings,67
conclude,35
disclosure,47
bushel,66
livestock,61
outline,23
suitable,25
unocal,30
interestrate,22
elevator,27
acted,45
appeared,133
centrale,20
yearold,39
atpc,26
purchaser,17
strip,15
benetton,16
atts,30
alberta,42
weak,147
relied,17
relief,132
friends,16
credited,16
harbour,22
introducing,34
game,33
wedd,15
generating,37
soyoil,19
confirm,46
generation,52
maxwell,25
sullivan,34
singapores,22
ayear,131
garn,18
weir,15
gary,18
painewebber,75
onfriday,25
prosecutors,20
whichwould,49
packaging,45
audi,20
endorsed,30
redeemable,60
went,138
waiting,89
stored,15
reopening,16
renewal,42
weve,84
syndrome,17
renewed,97
winds,27
norstar,32
tanjug,41
auto,108
warehouses,15
useful,32
happens,19
toldreuters,77
ontariffs,20
financialinstitutions,27
willingness,44
basedon,22
heavier,16
escalation,20
therapy,15
airways,93
gathering,34
theinternational,115
hasnt,16
retailer,33
heavily,73
dividends,120
canadiandlrs,18
tanker,47
apparent,64
assured,28
bound,34
thethird,26
gradually,53
bearing,35
norwegian,39
chiles,29
divest,17
avia,15
markedly,16
rebates,39
exxon,84
hinted,19
bearish,33
restaurant,21
partnerships,24
tehran,61
packages,57
dominion,65
aspart,22
parliamentary,75
avon,15
polled,57
employed,43
employee,66
nation,124
firmed,62
firmer,69
incorporated,23
platforms,30
becomes,58
exposed,18
annum,32
nickel,37
jamaica,22
billionfrancs,30
firmly,28
load,113
analysis,46
debtsecurities,24
saunders,18
register,19
numberof,15
supplementary,28
indirectly,28
connecticut,28
commonwealth,44
jeffrey,24
collapsed,26
convince,22
authorization,27
glantz,15
roebuck,24
portuguese,27
conventional,34
promised,74
lord,31
promises,24
lose,69
lots,75
upward,91
saidtoday,15
lows,54
fulfill,17
norcros,22
fundamental,63
powers,84
aided,32
aides,27
aggregates,16
quarterlydividend,17
ronald,54
retained,69
vigorous,17
philadelphia,51
laboratory,32
distribute,40
chinas,135
hetold,20
bminus,30
midfebruary,19
concrete,40
whom,40
arecord,44
covered,93
soviets,54
ozone,16
regain,22
instrument,46
encor,24
spreads,21
mightbe,19
bitter,17
capitalisation,23
governors,63
delivered,90
malaysia,106
prevailing,40
dlrscompared,25
regard,37
writedowns,15
ferdinand,20
gonzalez,17
wide,67
boxes,19
exceeded,57
beach,20
samjens,16
doubled,43
affiliate,94
gets,17
suffer,40
everything,40
wind,28
wine,27
thisafternoon,16
bangladesh,48
inorder,23
programmes,15
claimed,40
signal,85
conable,66
extend,141
eurocommercial,20
extent,100
beans,44
wire,22
wish,40
yearthe,15
thereby,20
arthur,22
triggered,52
expanded,88
thebank,58
eliminate,72
camdessus,17
communique,102
endof,50
observer,17
beneficial,48
inseptember,21
thatit,35
oilprices,37
thedeficit,18
primarily,116
endjanuary,19
thegovernments,58
andrew,20
toremain,15
nonresidents,15
hawke,20
aerospace,91
cashflow,19
rupees,67
simultaneously,26
signup,26
rocket,20
therest,17
nervous,39
samuel,33
sellers,46
dallas,54
targets,124
kenya,34
solid,39
developments,122
privately,98
drill,35
aziz,17
aresult,33
conservatives,66
lakes,26
drive,107
euroyen,32
solve,65
subsidiaryof,24
appliance,21
ataround,16
popularity,25
futurestrading,15
reasonable,70
lucrative,16
reasonably,16
aluminium,103
corrected,17
februaryfrom,18
debenturesdue,19
nissan,51
emirates,44
programming,17
gained,124
profittaking,36
assessing,16
nigel,42
master,20
standby,21
withits,22
brokerages,18
hambrecht,17
oneday,16
arising,31
becor,26
icahn,40
fourday,17
expecting,42
mediterranean,23
explosion,38
examine,41
elaborate,94
breach,43
witha,48
accelerated,32
compact,24
consultations,37
ought,22
facing,61
ofconvertible,39
breaks,19
albert,20
manila,76
visible,26
appointed,86
tended,15
ltds,87
stations,77
lukman,32
reflect,136
kingdom,58
chirac,55
compare,26
institutionalinvestors,15
exchanged,46
served,61
serves,32
withdraw,68
indefinite,21
mideast,27
zealands,33
exploratory,19
todetermine,17
anaverage,38
bbminus,20
regarding,59
client,16
withdrew,41
disaster,48
rail,54
rain,95
communitys,26
vicechairman,23
delays,60
rand,103
foods,80
rank,38
gilt,66
clayton,67
overcapacity,15
rare,26
americanexpress,17
ontario,82
itsfinancial,17
raws,19
shouldbe,29
volatility,52
holdingcompany,15
hoechst,49
luis,17
driving,25
undervalued,34
presidentreagan,23
themeeting,29
origins,15
railroads,15
nymex,21
receiving,70
built,113
thecapital,20
relationship,66
effects,142
rupiah,24
lifetime,16
lanka,48
exemption,25
lifting,43
granting,24
inflows,23
construct,18
anundisclosed,17
xerox,31
sellits,15
listing,105
doubling,17
weekended,16
channels,29
naturalgas,15
meaning,23
railway,74
conagra,15
nynex,20
huckaby,24
heightened,17
enterprise,44
volumes,54
taiwans,118
arranged,67
arranger,36
himself,30
thailands,26
thethree,20
usussr,15
converted,87
approaching,15
anestimated,19
addressing,21
bancshares,30
wolf,16
wont,66
bringing,91
ofsubordinated,15
wood,67
publication,25
taylor,23
word,27
mechanisms,18
nikko,43
marketplace,40
toaround,20
begun,99
enjoy,16
drafting,34
anagreement,87
hospital,72
exceeds,33
denominated,36
exists,23
foran,17
maryland,32
absolute,20
fords,17
consolidate,24
reception,21
toother,16
pretty,30
steers,37
aseparate,17
pacts,44
philip,34
forma,22
forms,48
holland,16
prohibit,19
urban,16
successor,32
irrigation,16
itdowngraded,43
compete,91
dlrsfrom,74
toprevent,29
bags,144
whites,34
lebanon,22
baht,39
forum,35
priority,77
read,41
manufactured,49
manufacturer,67
manufactures,39
island,103
ball,30
drops,16
appeals,72
tested,33
soymeal,42
band,116
reed,53
bang,20
gmac,17
gmbh,40
vancouver,25
toreceive,24
regime,25
appears,128
basf,20
bass,50
rely,32
loanassociation,31
manner,29
registrations,44
attractive,80
incentive,58
surveyed,15
fivebillion,18
fujioka,30
theofficial,49
uganda,23
occurred,68
harvesting,35
revs,22
doubted,21
onjune,17
modification,19
address,83
disagreed,18
lyng,138
worked,82
worker,19
holdersof,15
contrary,26
contrast,52
sunflower,30
trillion,47
centers,86
offoreign,23
twomonth,17
theannual,17
insurers,37
machine,63
employs,39
escort,20
winterkill,15
twoday,39
combat,35
fromits,21
thegulf,27
yards,22
obtained,91
landing,17
larry,17
promoting,28
investigate,25
promotion,29
chryslers,23
unwanted,16
guaranty,74
stockmarket,31
obligations,109
returned,84
drawing,58
goal,103
sixyear,21
patents,28
indirect,44
example,88
economicgrowth,25
ounce,133
nonperforming,74
laser,32
caution,37
shipped,74
goes,74
compares,122
established,128
nature,43
unsecured,68
decisions,98
quotes,20
thedecision,18
faster,68
radioactive,17
gone,51
reputation,20
commercialbank,15
domesticdemand,24
limiting,40
countertrade,19
oppenheimer,19
exporting,75
clinical,43
featured,16
moneysupply,26
features,33
violence,18
injapan,25
ecuadorean,27
sound,70
nicaraguan,27
bepaid,15
eventually,77
aninvestment,17
notably,38
particular,111
practical,16
nominated,16
keating,36
anthony,25
selloff,35
corona,15
removal,44
practices,102
relations,139
kuwaiti,78
kuwaits,17
removed,47
volatile,41
bidders,27
pleaded,18
boards,72
unusual,54
stoppage,17
bean,20
bear,96
andindustry,31
beer,22
beet,72
preference,92
petrocanada,17
bottomed,22
rica,25
severance,16
rebate,55
rich,27
rico,21
belt,28
interstate,91
customer,126
exposures,15
rigs,112
accused,57
deutsche,97
onemln,29
shorter,25
maximize,19
intermediate,54
ring,28
theacquisition,45
suppliers,67
isnot,43
theoutstanding,16
shortly,122
breakdown,39
supplying,18
biotechnology,28
trials,40
opecs,52
ofgovernment,21
claim,51
prolonged,16
yamaichi,25
poultry,52
atits,15
ratherthan,27
circuits,22
pennsylvania,56
errors,17
directorgeneral,21
inability,23
sudan,33
influence,57
clark,49
metropolitan,50
applications,131
plain,17
opens,24
gray,30
sitting,18
cairo,15
efficiency,58
grew,149
plane,46
grey,22
threat,90
expectsto,15
provincial,33
citicorp,137
paint,17
integration,40
plate,15
downgraded,22
aires,41
lufkin,33
downgrades,17
casualty,18
initiate,18
gros,66
thelondon,21
plaza,29
memories,15
marketed,40
drugs,84
asimilar,21
offive,16
nonvoting,26
tostart,15
morethan,99
sending,24
closings,16
fujitsu,58
valueof,22
india,144
sticking,20
fixing,20
fears,116
bakers,51
suspending,20
fuels,28
sealy,20
malcolm,28
fairchild,72
casualties,22
burns,23
acceptable,48
choice,109
expiration,77
sears,78
uranium,21
seats,92
complex,97
recommended,90
aletter,34
invest,137
obliged,20
thepurchase,36
lloyd,21
allocations,30
analystssaid,32
donald,71
mitchell,21
sanford,19
buses,20
guidance,21
onepct,16
bauxite,19
fourpct,22
penalty,24
vaskevitch,19
settling,17
satisfactory,63
fiveyears,28
described,113
manuel,21
bidding,66
msdos,18
megawatt,21
defensive,27
petroleos,25
peking,55
elected,89
quebec,86
women,18
ticker,15
rebels,54
mail,39
rigid,22
calif,89
inflationary,41
fecsa,16
indebted,21
denmark,59
insisted,29
withholding,28
suspend,57
mart,48
calny,24
mass,50
sentiment,104
consultation,17
reaffirm,15
illinois,105
macintosh,19
tocomment,19
jones,95
contributing,17
requesting,18
contribution,80
trustco,16
atlantic,96
trustee,31
hasintroduced,16
outof,19
regulation,53
consistently,16
thedebentures,20
profitability,82
enter,103
calculations,21
departure,39
melamed,23
expanding,73
movements,87
bilzerian,20
worsen,18
eurobonds,62
regret,21
expense,65
sprinkel,43
thesystem,23
inrecent,23
isconsidering,17
islikely,33
itscurrent,21
entry,78
drawings,21
beused,25
thrift,40
ctsper,20
minority,74
asking,71
brusca,17
socalled,105
hectare,16
tranches,54
canal,26
threatening,26
maekawa,16
theagreement,40
morrison,19
feels,32
bufferstock,25
canadas,139
priorities,19
mailed,22
road,50
rock,16
istat,15
seeks,45
panel,121
delors,26
canon,20
seems,91
transcanadas,17
sections,21
gorbachev,22
panic,45
isthe,16
extremely,86
yorkbased,16
roll,23
rolm,15
marathon,27
rome,21
briefly,20
washingtons,22
devalued,16
reverse,63
room,107
assurances,27
colombian,23
pontiac,20
colombias,20
sooner,19
dealings,69
ross,28
violations,65
suits,18
twomln,21
meridian,17
daiichi,18
defendants,28
condition,118
attorneys,17
bloc,35
fromapril,18
blow,27
syndicate,98
inits,80
table,46
andinternational,25
oregon,29
blue,43
refrain,15
perform,21
netherlands,97
westpac,53
explaining,16
emphasized,21
tonnage,35
meal,70
mean,135
wholly,101
meat,123
extension,112
theprevious,66
departments,102
feeling,42
mees,17
turkey,91
bethe,16
extensive,35
capel,30
remark,15
itsaid,116
providing,105
thanexpected,18
registered,135
abarrel,53
switched,23
thatcould,17
establishing,37
killed,89
menu,15
assembly,83
bplus,29
fromthe,136
bargaining,29
undersecretary,42
suggests,31
ithink,16
cooperatives,21
admit,16
michel,26
requests,55
theforeign,23
jorge,24
matching,23
jorio,16
accompanied,35
unilateral,31
nogales,26
saturday,101
combination,102
refiners,49
refinery,137
supervision,20
words,27
papua,18
credibility,28
affair,44
stimulating,20
collapse,89
brasilia,19
commit,15
stimulation,19
arrested,35
infringement,15
seattle,23
actually,60
choose,33
licensing,49
thecontract,18
works,91
climb,24
buyer,89
optical,37
airports,18
portugals,26
experts,93
worry,29
worse,32
totaloutstanding,28
worst,68
lastnight,17
williams,63
toexpand,17
alliedsignal,28
billiondlr,53
disruption,24
elaborating,22
annualmeeting,37
visited,27
twopct,18
theeuropean,60
fought,17
trapped,22
resulted,142
besides,32
republican,108
space,108
itraised,26
centres,33
borrowers,112
cards,50
body,103
parallel,27
ourselves,25
resultof,15
spain,148
cargo,138
stabilizing,20
miyazawa,145
chevron,38
southafrica,18
bomb,23
darman,21
aspossible,17
promise,37
bonn,86
book,86
boom,33
spare,22
spark,17
accounted,109
seipp,16
americans,61
adopt,65
boyd,21
inquiry,43
across,108
rescheduled,26
selected,71
campeau,25
inmay,21
simple,22
branches,83
simply,71
turned,77
holder,75
regulators,93
turner,17
whichhas,31
function,21
restraint,43
cases,112
nextweek,18
resumption,17
shortcovering,18
buyout,122
nonopec,27
communities,15
themost,21
looked,39
stockand,15
certificate,84
auction,135
portfolio,108
privateplacement,19
taxation,41
allowing,116
heifers,29
midnight,42
redundancies,29
mercury,22
compaq,23
atthe,141
pctagainst,17
mich,33
requiring,53
mids,15
territory,34
sometimes,28
innew,30
snyder,18
comply,48
macmillan,16
exception,40
mild,23
mile,49
milk,39
mill,92
mind,38
mint,26
shared,38
hadbeen,64
undertaken,34
lichtblau,15
proxmire,33
royalty,29
eddie,53
hernandez,26
theproposed,37
itscommon,40
miss,18
steven,18
miti,97
supported,147
hasstarted,19
easier,81
chosen,36
runs,77
brackets,27
refining,83
ofrecord,40
reduces,32
unusually,22
rush,21
easily,56
treatment,99
easing,55
westgermany,68
navistar,16
shamrock,55
aminus,26
joseph,51
hambros,18
border,51
diplomat,72
motorola,19
agrees,18
swings,17
rehabilitation,18
tonnesof,41
organizations,26
sells,57
century,53
arbitragers,20
inflow,39
bros,20
sovietunion,26
trucking,15
super,28
inoctober,29
hutchison,29
pctrise,24
arbitrageur,16
assigned,57
unpaid,21
pctinterest,29
earlierthis,16
guinness,48
paulo,47
billington,15
progressive,41
worldbank,25
edward,52
institutes,45
affairs,123
capability,20
miners,80
video,136
allegations,42
develops,22
availability,38
mention,23
speed,78
agencies,107
handling,60
judge,94
justice,87
exchangeable,48
arkansas,15
organisation,117
spell,29
acceptance,76
justify,23
leaving,96
spend,98
spent,84
glass,42
opposing,20
arrival,20
balanced,60
balances,86
toboost,19
dollardenominated,18
innovember,20
arrived,31
proceeding,34
andwould,20
roughly,55
zenith,28
thebusiness,19
forcomment,20
lobbying,18
fendt,18
pleased,38
zambias,15
topped,20
supervisory,51
hearings,43
tangible,21
supreme,82
samples,16
reaching,68
generic,38
talking,76
sometime,33
edged,26
basispoints,32
vehicle,91
cawll,21
crudeoil,28
conrail,22
israel,52
protectionism,65
weare,24
protectionist,100
tokeep,16
views,57
surge,56
reviewed,37
indecember,67
saidhe,58
weakened,28
debate,105
sense,61
saidin,46
hahn,23
harvests,19
ownership,133
mcleod,15
hall,36
halt,105
hand,107
hang,18
hans,22
membership,98
debtand,24
missed,19
walked,16
walker,25
station,73
harm,25
phoenix,39
donaldson,39
risen,127
rises,149
triple,26
recession,120
beoffered,19
movement,113
captured,17
hamburg,17
slashed,16
levelof,18
risks,82
risky,19
plantings,56
metall,22
metals,136
howard,108
ryan,16
takes,91
viability,15
bulk,109
bull,62
petrochemical,28
cosaid,39
promote,84
demands,118
thecurrent,75
inform,17
inwashington,34
retaliate,52
bush,19
allegheny,65
thesale,40
thesame,85
seoul,26
advances,98
buys,25
newzealand,18
statements,134
blocking,21
lastweek,43
appropriations,40
involving,97
wallis,25
instance,20
proportion,51
toaccept,17
isoffering,20
intervene,53
expenses,146
comprise,80
cyclops,130
roach,20
override,21
donors,30
otherwise,53
roads,29
benchmark,38
lusinchi,20
shelfregistration,16
institution,63
criticised,62
impair,16
resource,35
widened,46
resolving,20
extends,18
thirdquarter,56
foundation,46
preparation,25
rescheduling,141
stopgap,15
federally,21
caracas,17
intel,43
pursued,20
wedge,17
thrust,21
attitude,52
mood,20
chancellor,107
newmont,57
microchip,30
grisanti,20
debenture,62
speculated,48
lankas,15
newsletter,29
pctand,40
happen,73
sixpct,24
unquoted,33
robin,15
discoveries,23
thetransaction,33
toldreporters,50
headquarters,74
rival,45
juice,41
remainder,76
river,121
pctcoupon,23
drilled,34
unprecedented,26
associations,48
running,130
switch,45
wouldnot,38
ferry,33
entering,26
sought,147
rainfall,57
acceptances,27
fortune,22
libyan,31
roderick,18
hear,27
heat,18
ivorian,23
vienna,26
tanks,29
irving,43
candidates,47
squeeze,15
serve,108
conglomerate,17
ableto,15
pctstake,28
leveraged,62
yugoslavias,26
checks,25
unsuccessful,36
suggest,49
healthy,43
platinum,42
holmes,16
paribas,38
fairly,89
portion,137
triton,19
substantially,137
equitable,39
objective,64
santos,76
shortage,128
toholders,18
foreigncurrency,28
meters,30
byrd,20
degree,46
importers,46
southeast,62
termination,25
merchant,96
perpetual,23
crash,42
columbia,63
pointing,23
weaken,22
weaker,71
craxi,19
matched,17
leslie,17
turmoil,21
noteholders,17
claiming,23
crazy,58
environment,81
pratt,29
kenosha,16
boardsaid,19
austin,15
columbus,15
resisted,16
turnaround,38
secondary,114
bulletin,37
theremainder,15
setup,17
saturated,17
statoil,29
considerable,59
onapril,44
considerably,36
inland,43
riyal,32
managed,114
manages,18
norsk,19
inlate,20
realise,15
reality,37
matter,143
inclusion,18
crushers,27
succeeding,35
remote,26
financeminister,33
realize,26
remove,61
idaho,15
discounted,26
relationships,15
bookrunner,19
sponsored,17
wealth,16
murray,22
